courtneydavis0,courtneydavis0@yahoo.com,7sIc#)Vq5:
courtneydavis1,courtneydavis1@yahoo.com,"xZr0Q7T,1}HX?"
courtneydavis2,courtneydavis2@yahoo.com,WvGY4Q954X
courtneydavis3,courtneydavis3@yahoo.com,",Ty^vRWA~dqpPq"
courtneydavis4,courtneydavis4@yahoo.com,xrl96QJ<1@
courtneydavis5,courtneydavis5@yahoo.com,"fGsYE3.ns7oXU,cM"
courtneydavis6,courtneydavis6@yahoo.com,:X%7z9q9/~~7~!
courtneydavis7,courtneydavis7@yahoo.com,"`2/,V{e@3"
courtneydavis8,courtneydavis8@yahoo.com,OSFy2C}./
courtneydavis9,courtneydavis9@yahoo.com,"40i8{50^RL]|,/w"
courtneydavis10,courtneydavis10@yahoo.com,R?l3|B2x}0-wnyxx
courtneydavis11,courtneydavis11@yahoo.com,u7ezt>z/z9RzI
courtneydavis12,courtneydavis12@yahoo.com,"H5pwEr@8=b5,xe0:"
courtneydavis13,courtneydavis13@yahoo.com,scH7+S3=G
courtneydavis14,courtneydavis14@yahoo.com,tttle~Uz/iF
courtneydavis15,courtneydavis15@yahoo.com,LTbvG7|GC|9
courtneydavis16,courtneydavis16@yahoo.com,S3-|ca6;Ypg
courtneydavis17,courtneydavis17@yahoo.com,1`-Oo7W0D6JVP
courtneydavis18,courtneydavis18@yahoo.com,1G^YVCzh(^yKr
courtneydavis19,courtneydavis19@yahoo.com,4v_>wk@06d2
courtneydavis20,courtneydavis20@yahoo.com,&Nx-eJ5~Wm0M
courtneydavis21,courtneydavis21@yahoo.com,"EN|HN,0U"
courtneydavis22,courtneydavis22@yahoo.com,j#_xt1O1U9
courtneydavis23,courtneydavis23@yahoo.com,"GmbD![$,[R"
courtneydavis24,courtneydavis24@yahoo.com,O_0~|U0I9a>x
courtneydavis25,courtneydavis25@yahoo.com,FhShLr;nD8%:V^x
courtneydavis26,courtneydavis26@yahoo.com,=_]aeH9$l3d0B&
courtneydavis27,courtneydavis27@yahoo.com,"p_/q}8,WW9"
courtneydavis28,courtneydavis28@yahoo.com,2(q59Y+?Z
courtneydavis29,courtneydavis29@yahoo.com,@+AJNr6LC5phfQ)9
courtneydavis30,courtneydavis30@yahoo.com,tA9^y9v%x_SXO+}*
courtneydavis31,courtneydavis31@yahoo.com,:jq;C/:n&
courtneydavis32,courtneydavis32@yahoo.com,W=O?j;ZP0IA
courtneydavis33,courtneydavis33@yahoo.com,>ZzBQ0f/
courtneydavis34,courtneydavis34@yahoo.com,G!3k2Ij+x
courtneydavis35,courtneydavis35@yahoo.com,BDo8yUG3152
courtneydavis36,courtneydavis36@yahoo.com,~xm:H2J!m8p?1_2/
courtneydavis37,courtneydavis37@yahoo.com,wwP:>.+z
courtneydavis38,courtneydavis38@yahoo.com,]*Y7nf3AHoh
courtneydavis39,courtneydavis39@yahoo.com,bzF&0W^SD7WZN
courtneydavis40,courtneydavis40@yahoo.com,OJ2{282C8
courtneydavis41,courtneydavis41@yahoo.com,"AYbL#,4TK0}J*pbi"
courtneydavis42,courtneydavis42@yahoo.com,B4y!}=ff=
courtneydavis43,courtneydavis43@yahoo.com,#B}GG69Z
courtneydavis44,courtneydavis44@yahoo.com,181YgaA2>2
courtneydavis45,courtneydavis45@yahoo.com,q{9fi33D<5L8yU^
courtneydavis46,courtneydavis46@yahoo.com,)Svc#iG~x#H3
courtneydavis47,courtneydavis47@yahoo.com,M~rW)l7v+<j[8?1
courtneydavis48,courtneydavis48@yahoo.com,/7Yww3qC5
courtneydavis49,courtneydavis49@yahoo.com,2<)de-h2$/C
courtneydavis50,courtneydavis50@yahoo.com,c(=iGZvBV<.:
courtneydavis51,courtneydavis51@yahoo.com,I+k5DTVDYW!g>w
courtneydavis52,courtneydavis52@yahoo.com,j:Whz-^O3:=4
courtneydavis53,courtneydavis53@yahoo.com,.YX`5Vcak+457#x
courtneydavis54,courtneydavis54@yahoo.com,sna>Q:^~}=
courtneydavis55,courtneydavis55@yahoo.com,/J04Kl50]}6G
courtneydavis56,courtneydavis56@yahoo.com,Ga3`c2Lw
courtneydavis57,courtneydavis57@yahoo.com,Q&L-J3u)k{
courtneydavis58,courtneydavis58@yahoo.com,":7F&6HI3dQF,"
courtneydavis59,courtneydavis59@yahoo.com,_wbJe3bD0t<R
courtneydavis60,courtneydavis60@yahoo.com,FR`q?<7i
courtneydavis61,courtneydavis61@yahoo.com,",YILu(5atP"
courtneydavis62,courtneydavis62@yahoo.com,.3({uiA9ns;Tpw);
courtneydavis63,courtneydavis63@yahoo.com,8[ILeC_V]5
courtneydavis64,courtneydavis64@yahoo.com,S~l[spxAf2
courtneydavis65,courtneydavis65@yahoo.com,0n.l(kuU4
courtneydavis66,courtneydavis66@yahoo.com,vQJy{V-r36
courtneydavis67,courtneydavis67@yahoo.com,]CBXN:O|}ZM
courtneydavis68,courtneydavis68@yahoo.com,ifl;uATvt
courtneydavis69,courtneydavis69@yahoo.com,oDDLz9E&5
courtneydavis70,courtneydavis70@yahoo.com,QbN3[fNz1yr1Lz
courtneydavis71,courtneydavis71@yahoo.com,"%84,@-dx:"
courtneydavis72,courtneydavis72@yahoo.com,G.VsY6.6j|Q`M*]
courtneydavis73,courtneydavis73@yahoo.com,"EVsPc1$#?h,nS"
courtneydavis74,courtneydavis74@yahoo.com,2VHo692VDU}W?
courtneydavis75,courtneydavis75@yahoo.com,|#Z%K+|F
courtneydavis76,courtneydavis76@yahoo.com,th.94Mjc0RE@n
courtneydavis77,courtneydavis77@yahoo.com,g`89;1tC*&z[ub7C
courtneydavis78,courtneydavis78@yahoo.com,b}~qPs73O
courtneydavis79,courtneydavis79@yahoo.com,%NEI9zVQn?MH|6
courtneydavis80,courtneydavis80@yahoo.com,KHRB/4#@$)am:Q
courtneydavis81,courtneydavis81@yahoo.com,4h72QfY&nTb
courtneydavis82,courtneydavis82@yahoo.com,/ft<*ah1:;.90
courtneydavis83,courtneydavis83@yahoo.com,c_%g3`fRSvby
courtneydavis84,courtneydavis84@yahoo.com,kO9M^87hG{VV]
courtneydavis85,courtneydavis85@yahoo.com,7glqA1=Os=E94Nr
courtneydavis86,courtneydavis86@yahoo.com,-dAQm6y%l*@L><U>
courtneydavis87,courtneydavis87@yahoo.com,H2C-StGQ
courtneydavis88,courtneydavis88@yahoo.com,p|:i8;CbO2*PY}Xv
courtneydavis89,courtneydavis89@yahoo.com,}!zbtM0|OL^aI)`l
courtneydavis90,courtneydavis90@yahoo.com,VHU(-d&7jvEH:
courtneydavis91,courtneydavis91@yahoo.com,IPxx!g(NbE*v3;@
courtneydavis92,courtneydavis92@yahoo.com,)DDtZ&[||.5$`5
courtneydavis93,courtneydavis93@yahoo.com,H0.c0R<^72~|64P
courtneydavis94,courtneydavis94@yahoo.com,<Pq)]d[E9
courtneydavis95,courtneydavis95@yahoo.com,MV+o<`hpq+H
courtneydavis96,courtneydavis96@yahoo.com,F39b7:h24[@g(tX
courtneydavis97,courtneydavis97@yahoo.com,:=/1]#B4{
courtneydavis98,courtneydavis98@yahoo.com,"0$$roJ)Y,"
courtneydavis99,courtneydavis99@yahoo.com,1mk5u6y=>.0~
courtneydavis100,courtneydavis100@yahoo.com,"@ZThB%-,vUP&B"
courtneydavis101,courtneydavis101@yahoo.com,eR~bJ$@5rGk[
courtneydavis102,courtneydavis102@yahoo.com,#m8B:^Y1NJ^w[AkP
courtneydavis103,courtneydavis103@yahoo.com,[=si%DB4d4+M0E*
courtneydavis104,courtneydavis104@yahoo.com,|_.!.zVr
courtneydavis105,courtneydavis105@yahoo.com,9ZU0{uy=6n1l{
courtneydavis106,courtneydavis106@yahoo.com,_YG!ZJkrn
courtneydavis107,courtneydavis107@yahoo.com,C9Pm0sAQz91
courtneydavis108,courtneydavis108@yahoo.com,$2|_3--7Ikl.q*H
courtneydavis109,courtneydavis109@yahoo.com,"LX,Yr>2u+8ZCC$J"
courtneydavis110,courtneydavis110@yahoo.com,9q;(8T83Jh:Wra3A
courtneydavis111,courtneydavis111@yahoo.com,=X}}x^T^Tqd@0
courtneydavis112,courtneydavis112@yahoo.com,fl58c.sc(~
courtneydavis113,courtneydavis113@yahoo.com,FF`JRr^ezfM6/{*n
courtneydavis114,courtneydavis114@yahoo.com,.Y5`~6e#t638
courtneydavis115,courtneydavis115@yahoo.com,Pq#hD6bidPO/
courtneydavis116,courtneydavis116@yahoo.com,]DJ{!*$0
courtneydavis117,courtneydavis117@yahoo.com,r|$UA:SK0%x[2R]7
courtneydavis118,courtneydavis118@yahoo.com,U*9sM21VO{2~|CFv
courtneydavis119,courtneydavis119@yahoo.com,"[B57%70,VJ_[9"
courtneydavis120,courtneydavis120@yahoo.com,M*a}4yg{*u7
courtneydavis121,courtneydavis121@yahoo.com,Fx)-d2r96
courtneydavis122,courtneydavis122@yahoo.com,Ap7E%*k2
courtneydavis123,courtneydavis123@yahoo.com,jv(UsXT72lb
courtneydavis124,courtneydavis124@yahoo.com,gU35Wr?U40[
courtneydavis125,courtneydavis125@yahoo.com,WScW1<S5-4B)7
courtneydavis126,courtneydavis126@yahoo.com,"YAbC0TR,/0l/R."
courtneydavis127,courtneydavis127@yahoo.com,B8EH:48VP
courtneydavis128,courtneydavis128@yahoo.com,BQ~yK+2d7_N
courtneydavis129,courtneydavis129@yahoo.com,me4t71iU=*Nb
courtneydavis130,courtneydavis130@yahoo.com,"!y;,1-p81Y%!SYsn"
courtneydavis131,courtneydavis131@yahoo.com,83_iOz2!*7
courtneydavis132,courtneydavis132@yahoo.com,"06z44<:Of`,+~"
courtneydavis133,courtneydavis133@yahoo.com,T0}jO9#:
courtneydavis134,courtneydavis134@yahoo.com,*5YdE1O=u9A]Z8x
courtneydavis135,courtneydavis135@yahoo.com,xxs9E95i
courtneydavis136,courtneydavis136@yahoo.com,7>S`8_*|C-HTaK
courtneydavis137,courtneydavis137@yahoo.com,{VLUa9_l
courtneydavis138,courtneydavis138@yahoo.com,1>2/o]6v~jS
courtneydavis139,courtneydavis139@yahoo.com,XK_:6-ZW:prQa
courtneydavis140,courtneydavis140@yahoo.com,_c*u+7/8p$
courtneydavis141,courtneydavis141@yahoo.com,",C.S0RlmF0"
courtneydavis142,courtneydavis142@yahoo.com,3pfR${FhjF
courtneydavis143,courtneydavis143@yahoo.com,Z2g048j8?
courtneydavis144,courtneydavis144@yahoo.com,6nZ2nyQv1*_v[g&C
courtneydavis145,courtneydavis145@yahoo.com,~p-rKHwXE-
courtneydavis146,courtneydavis146@yahoo.com,5*5Xg#LcD6BL
courtneydavis147,courtneydavis147@yahoo.com,"P,b7Z}.wk7+5"
courtneydavis148,courtneydavis148@yahoo.com,"Pp,C*fth{8"
courtneydavis149,courtneydavis149@yahoo.com,j!4d_4Z?S9
courtneydavis150,courtneydavis150@yahoo.com,fVWU1BHi86
courtneydavis151,courtneydavis151@yahoo.com,sM>bFf525I@}(N;
courtneydavis152,courtneydavis152@yahoo.com,JVW[Z24}?SnK
courtneydavis153,courtneydavis153@yahoo.com,54.3..|HR$PDWx>
courtneydavis154,courtneydavis154@yahoo.com,2U!^|00]el]M58
courtneydavis155,courtneydavis155@yahoo.com,yI-F6tDG:3Sm(D6f
courtneydavis156,courtneydavis156@yahoo.com,]P[91nAKFBk{?1
courtneydavis157,courtneydavis157@yahoo.com,U/Ti7f++3`
courtneydavis158,courtneydavis158@yahoo.com,-B8m)H8c>c
courtneydavis159,courtneydavis159@yahoo.com,rpu3dq>4
courtneydavis160,courtneydavis160@yahoo.com,E)Bj|p$+
courtneydavis161,courtneydavis161@yahoo.com,z09G!+>4&dKY))8Q
courtneydavis162,courtneydavis162@yahoo.com,6Z<04;@^
courtneydavis163,courtneydavis163@yahoo.com,EV|+=Vs^8
courtneydavis164,courtneydavis164@yahoo.com,1of[5HE7q%
courtneydavis165,courtneydavis165@yahoo.com,",H[Y*3X^.yZq"
courtneydavis166,courtneydavis166@yahoo.com,"a,o)uH5>JPOu.5"
courtneydavis167,courtneydavis167@yahoo.com,7?uj%uWN65gx
courtneydavis168,courtneydavis168@yahoo.com,DD:2zLb:L
courtneydavis169,courtneydavis169@yahoo.com,a2Q&(kr:J{O83e-z
courtneydavis170,courtneydavis170@yahoo.com,jd*j|p78@q
courtneydavis171,courtneydavis171@yahoo.com,R%EEH0BL0cHFt1
courtneydavis172,courtneydavis172@yahoo.com,Jw}3S!nLY1$[H{B
courtneydavis173,courtneydavis173@yahoo.com,Ly(Mr=A$h;;
courtneydavis174,courtneydavis174@yahoo.com,;lx1#8H|9.5y.t?!
courtneydavis175,courtneydavis175@yahoo.com,AKy9yj9G
courtneydavis176,courtneydavis176@yahoo.com,H__aS1N7t[97
courtneydavis177,courtneydavis177@yahoo.com,"Ig,)f34dK"
courtneydavis178,courtneydavis178@yahoo.com,E>31xToz33_h
courtneydavis179,courtneydavis179@yahoo.com,37*buL(Bg9
courtneydavis180,courtneydavis180@yahoo.com,{sCz}445
courtneydavis181,courtneydavis181@yahoo.com,LJjTrrw%JrBzw
courtneydavis182,courtneydavis182@yahoo.com,R121:P;0KN
courtneydavis183,courtneydavis183@yahoo.com,XmAK#Z$<M
courtneydavis184,courtneydavis184@yahoo.com,IC}UbRpSz[%j
courtneydavis185,courtneydavis185@yahoo.com,5WoWNy*zc]m8r
courtneydavis186,courtneydavis186@yahoo.com,x_Q4&([:kpU
courtneydavis187,courtneydavis187@yahoo.com,hT;8)!sS
courtneydavis188,courtneydavis188@yahoo.com,4}Vd8)VY1QV-z3}F
courtneydavis189,courtneydavis189@yahoo.com,09Jst1G57qE4
courtneydavis190,courtneydavis190@yahoo.com,QE@?#R9u
courtneydavis191,courtneydavis191@yahoo.com,dT}<>4wy3Xe>
courtneydavis192,courtneydavis192@yahoo.com,lV9vBH^w8O)7
courtneydavis193,courtneydavis193@yahoo.com,jGqN|!3gG
courtneydavis194,courtneydavis194@yahoo.com,TdY*%V0rO?{ZV;B;
courtneydavis195,courtneydavis195@yahoo.com,H(k]@O(l
courtneydavis196,courtneydavis196@yahoo.com,7;`YrH&0|ZeJdogz
courtneydavis197,courtneydavis197@yahoo.com,J1>vU*fTO$_o)z2P
courtneydavis198,courtneydavis198@yahoo.com,T.g2*Mm?=Tj-RM_
courtneydavis199,courtneydavis199@yahoo.com,Zzr2zc>-1gQ
courtneydavis200,courtneydavis200@yahoo.com,36Yf)S9!<
courtneydavis201,courtneydavis201@yahoo.com,+0ODOkC7
courtneydavis202,courtneydavis202@yahoo.com,wmWwZG7=GWJ$t
courtneydavis203,courtneydavis203@yahoo.com,P~oSrr%JJZ#i4o
courtneydavis204,courtneydavis204@yahoo.com,Q9!/7*jFD6
courtneydavis205,courtneydavis205@yahoo.com,<=b{554Zo)st<v:-
courtneydavis206,courtneydavis206@yahoo.com,:0Z:tsq:?HcLC
courtneydavis207,courtneydavis207@yahoo.com,<&:[8o%6e2J
courtneydavis208,courtneydavis208@yahoo.com,pqSuHFx*MYRsP)
courtneydavis209,courtneydavis209@yahoo.com,@RM/>su;
courtneydavis210,courtneydavis210@yahoo.com,1?$5:cu58C(
courtneydavis211,courtneydavis211@yahoo.com,"`$@,dl<9&[l+}n5"
courtneydavis212,courtneydavis212@yahoo.com,hwd3`m.V]
courtneydavis213,courtneydavis213@yahoo.com,xsE1T3qjP6WtZW?f
courtneydavis214,courtneydavis214@yahoo.com,G?7a*28JH01m
courtneydavis215,courtneydavis215@yahoo.com,u+;;)Wp^u`WS2~o
courtneydavis216,courtneydavis216@yahoo.com,jM3^6i6GQ+NF
courtneydavis217,courtneydavis217@yahoo.com,i.89q5av9E#$jQ
courtneydavis218,courtneydavis218@yahoo.com,"y~$rz-~RM,G%+jQq"
courtneydavis219,courtneydavis219@yahoo.com,kLzS3WfMIsr5^
courtneydavis220,courtneydavis220@yahoo.com,g>F3)hzza]m
courtneydavis221,courtneydavis221@yahoo.com,)35??OcNcN
courtneydavis222,courtneydavis222@yahoo.com,YKI^0)l;)3#r
courtneydavis223,courtneydavis223@yahoo.com,m_)jF3n4
courtneydavis224,courtneydavis224@yahoo.com,l?7]FUpq
courtneydavis225,courtneydavis225@yahoo.com,ee5s>7Vm=M`vb#d
courtneydavis226,courtneydavis226@yahoo.com,NAI[6&lkC
courtneydavis227,courtneydavis227@yahoo.com,YK9P0ERU|g8
courtneydavis228,courtneydavis228@yahoo.com,L4>657g(|RJ
courtneydavis229,courtneydavis229@yahoo.com,!Vay5%Kse7/p+2+`
courtneydavis230,courtneydavis230@yahoo.com,EhV|14dvW
courtneydavis231,courtneydavis231@yahoo.com,7~?5i9`GS]yP
courtneydavis232,courtneydavis232@yahoo.com,YIJb8u7vY:U.
courtneydavis233,courtneydavis233@yahoo.com,%/5BAibrK)Y7
courtneydavis234,courtneydavis234@yahoo.com,v2D_47Cb((7a
courtneydavis235,courtneydavis235@yahoo.com,eLaK)*faW(*`8+jN
courtneydavis236,courtneydavis236@yahoo.com,_@;Xj.O2?0?
courtneydavis237,courtneydavis237@yahoo.com,",5dl78B4T"
courtneydavis238,courtneydavis238@yahoo.com,"Qs[R,n3bsW1M4R"
courtneydavis239,courtneydavis239@yahoo.com,~;=d@;wPFg9KBE
courtneydavis240,courtneydavis240@yahoo.com,t;H38plw5vg7;S
courtneydavis241,courtneydavis241@yahoo.com,"A_}c,!TiGzc7"
courtneydavis242,courtneydavis242@yahoo.com,>2b4fp%p?y6fb
courtneydavis243,courtneydavis243@yahoo.com,mnR0S28n(n+0*WIJ
courtneydavis244,courtneydavis244@yahoo.com,&]^5VHd@H
courtneydavis245,courtneydavis245@yahoo.com,-u4][%EL1`]q
courtneydavis246,courtneydavis246@yahoo.com,"+c!lM12,e"
courtneydavis247,courtneydavis247@yahoo.com,3{g*x3yr)2a3|@
courtneydavis248,courtneydavis248@yahoo.com,*6/]UH?NpA6r
courtneydavis249,courtneydavis249@yahoo.com,*~qK9T4K1CG0
courtneydavis250,courtneydavis250@yahoo.com,)q0HKB5QhIO
courtneydavis251,courtneydavis251@yahoo.com,"Voi>I,gDQSU"
courtneydavis252,courtneydavis252@yahoo.com,X!%.!(&3
courtneydavis253,courtneydavis253@yahoo.com,|!tlmTQH`o
courtneydavis254,courtneydavis254@yahoo.com,"@21gI>jdo0,v"
courtneydavis255,courtneydavis255@yahoo.com,@jHA+EZOD
courtneydavis256,courtneydavis256@yahoo.com,NV56S7h>E
courtneydavis257,courtneydavis257@yahoo.com,O0q)6Og#Z3bc
courtneydavis258,courtneydavis258@yahoo.com,MT3E%QwU|y0pKtU
courtneydavis259,courtneydavis259@yahoo.com,"b3`@3|J?R`Fq@b,"
courtneydavis260,courtneydavis260@yahoo.com,~^f66:Evd1
courtneydavis261,courtneydavis261@yahoo.com,{4QVp00P^?T<od
courtneydavis262,courtneydavis262@yahoo.com,Q%LC.4[t3;73;B
courtneydavis263,courtneydavis263@yahoo.com,|yGdw8QqW4<bq1>m
courtneydavis264,courtneydavis264@yahoo.com,c3b~Mn`!8e
courtneydavis265,courtneydavis265@yahoo.com,I99Rk]y3
courtneydavis266,courtneydavis266@yahoo.com,kM-4LfsII2O53/0u
courtneydavis267,courtneydavis267@yahoo.com,_S<DoSj#Is
courtneydavis268,courtneydavis268@yahoo.com,JzZ.T~*FT(s
courtneydavis269,courtneydavis269@yahoo.com,WV(X<ppR`R
courtneydavis270,courtneydavis270@yahoo.com,e{&$WOSD2U@5I
courtneydavis271,courtneydavis271@yahoo.com,1}^gQHGa5
courtneydavis272,courtneydavis272@yahoo.com,<<~3CnsH[[jGf
courtneydavis273,courtneydavis273@yahoo.com,f75vwn2)~
courtneydavis274,courtneydavis274@yahoo.com,"meE9E7.,D/"
courtneydavis275,courtneydavis275@yahoo.com,K^9mUxPj|u21t
courtneydavis276,courtneydavis276@yahoo.com,$U$1y%cIABGL
courtneydavis277,courtneydavis277@yahoo.com,JH/(08nNe7wYg
courtneydavis278,courtneydavis278@yahoo.com,Ov`6$=6Q>[)
courtneydavis279,courtneydavis279@yahoo.com,:)3JO0(7zSB
courtneydavis280,courtneydavis280@yahoo.com,wu%zc9b;0mfPh
courtneydavis281,courtneydavis281@yahoo.com,`=I-U%v95G
courtneydavis282,courtneydavis282@yahoo.com,ejQJLMf-%
courtneydavis283,courtneydavis283@yahoo.com,0^3$5551j.A
courtneydavis284,courtneydavis284@yahoo.com,y+*T2a<BCD
courtneydavis285,courtneydavis285@yahoo.com,:h2pf$E>bj%1
courtneydavis286,courtneydavis286@yahoo.com,~T/umMIi[3EWO_
courtneydavis287,courtneydavis287@yahoo.com,Zk(P]#{@h%X1e<U?
courtneydavis288,courtneydavis288@yahoo.com,"!a5Kch4PJ]1C,v.8"
courtneydavis289,courtneydavis289@yahoo.com,pTE]pFXH~5
courtneydavis290,courtneydavis290@yahoo.com,w7)%U:x5?dG?U8d
courtneydavis291,courtneydavis291@yahoo.com,"OKT}%moAbe5O,H"
courtneydavis292,courtneydavis292@yahoo.com,^.8i8uk3
courtneydavis293,courtneydavis293@yahoo.com,T5_c8R>6O76zD
courtneydavis294,courtneydavis294@yahoo.com,*(w0Wf/7
courtneydavis295,courtneydavis295@yahoo.com,7.{L*7YgH.9
courtneydavis296,courtneydavis296@yahoo.com,y`v*Z!<XoDW
courtneydavis297,courtneydavis297@yahoo.com,3zwD.1AG
courtneydavis298,courtneydavis298@yahoo.com,Upw~2?7uW4
courtneydavis299,courtneydavis299@yahoo.com,+D:v!Zy<My})m4R
courtneydavis300,courtneydavis300@yahoo.com,Q4_#0AhSLX|0%Y|i
courtneydavis301,courtneydavis301@yahoo.com,4qz?x]n_CHbypw
courtneydavis302,courtneydavis302@yahoo.com,1a}=%R#]fh
courtneydavis303,courtneydavis303@yahoo.com,PF0`Bk[7:RA20
courtneydavis304,courtneydavis304@yahoo.com,NoTz}<Ye<~i$
courtneydavis305,courtneydavis305@yahoo.com,&^3s{Bdz.|2syS
courtneydavis306,courtneydavis306@yahoo.com,011.#up/t{rECyX9
courtneydavis307,courtneydavis307@yahoo.com,8gUQjD:69e6P6
courtneydavis308,courtneydavis308@yahoo.com,wG;WP^VQ09mq
courtneydavis309,courtneydavis309@yahoo.com,P43F6*j5lC
courtneydavis310,courtneydavis310@yahoo.com,"P4&5F9QvG`,]B/0j"
courtneydavis311,courtneydavis311@yahoo.com,0[Nb2If|1YA
courtneydavis312,courtneydavis312@yahoo.com,Ak{=yEJM}coa0
courtneydavis313,courtneydavis313@yahoo.com,3M2(stuUo4f
courtneydavis314,courtneydavis314@yahoo.com,J:o#hW+M`2]^da
courtneydavis315,courtneydavis315@yahoo.com,nc;1&wIyPLR*Z1%R
courtneydavis316,courtneydavis316@yahoo.com,C_&`<493>
courtneydavis317,courtneydavis317@yahoo.com,"3JrDl6v3ZK,md4"
courtneydavis318,courtneydavis318@yahoo.com,T/YCvW`H-+(z
courtneydavis319,courtneydavis319@yahoo.com,"9l0,O.8A3,4-"
courtneydavis320,courtneydavis320@yahoo.com,frLh}87o6st*Gp
courtneydavis321,courtneydavis321@yahoo.com,u*/R/R5E;Jc9
courtneydavis322,courtneydavis322@yahoo.com,$9Bf8lAhHwWfn/4E
courtneydavis323,courtneydavis323@yahoo.com,6Oe}5|T2N-q[ZS
courtneydavis324,courtneydavis324@yahoo.com,S*^9ZjG-:lzx{Q+b
courtneydavis325,courtneydavis325@yahoo.com,MVOVDw~S0pD
courtneydavis326,courtneydavis326@yahoo.com,/yaJe2of
courtneydavis327,courtneydavis327@yahoo.com,Rf71kKSy78D1Q
courtneydavis328,courtneydavis328@yahoo.com,tSsa8L~q.j
courtneydavis329,courtneydavis329@yahoo.com,s9(k=88zc=
courtneydavis330,courtneydavis330@yahoo.com,#;L]nPE)F
courtneydavis331,courtneydavis331@yahoo.com,=Nowjov`Wo6bMQ{
courtneydavis332,courtneydavis332@yahoo.com,7N9+@dM]mCB0S
courtneydavis333,courtneydavis333@yahoo.com,lfrPME#132Ok~
courtneydavis334,courtneydavis334@yahoo.com,sh&%Om)qF2:4a%CU
courtneydavis335,courtneydavis335@yahoo.com,%7Y)//<2F>+
courtneydavis336,courtneydavis336@yahoo.com,z=([:lZ;a50cw
courtneydavis337,courtneydavis337@yahoo.com,4<q$&$4<rqG5h
courtneydavis338,courtneydavis338@yahoo.com,{kRp4yHB5682
courtneydavis339,courtneydavis339@yahoo.com,B38-a3t<+i
courtneydavis340,courtneydavis340@yahoo.com,!M:t+4+k6
courtneydavis341,courtneydavis341@yahoo.com,@~.9W`[}
courtneydavis342,courtneydavis342@yahoo.com,?RW6b]zmZi
courtneydavis343,courtneydavis343@yahoo.com,I}C6z(wrKp:O2EL$
courtneydavis344,courtneydavis344@yahoo.com,N7+=<2par
courtneydavis345,courtneydavis345@yahoo.com,}*m1M6a`$#$e
courtneydavis346,courtneydavis346@yahoo.com,-2ttKu;jx~Vcyc]
courtneydavis347,courtneydavis347@yahoo.com,"&b5hXI,=t)+Cx~4"
courtneydavis348,courtneydavis348@yahoo.com,zl?bj=GFNfS_K
courtneydavis349,courtneydavis349@yahoo.com,!nK3a2sgxy&
courtneydavis350,courtneydavis350@yahoo.com,hPj664Vae
courtneydavis351,courtneydavis351@yahoo.com,Ha_7_Z/z(N;AF|f2
courtneydavis352,courtneydavis352@yahoo.com,"h,1;X%Jg+.5lmGjC"
courtneydavis353,courtneydavis353@yahoo.com,6TeyrsVWb
courtneydavis354,courtneydavis354@yahoo.com,l-z%PLnU!#a@Oa
courtneydavis355,courtneydavis355@yahoo.com,p6#q(Kr2Xp##y@fR
courtneydavis356,courtneydavis356@yahoo.com,F3Z/ko;S/TU26
courtneydavis357,courtneydavis357@yahoo.com,6yUmXGh#Aw:V8
courtneydavis358,courtneydavis358@yahoo.com,4*8L>8I517f3J1;F
courtneydavis359,courtneydavis359@yahoo.com,0Q!E$G[:5Fv
courtneydavis360,courtneydavis360@yahoo.com,r0`]}1&;8b]tdQ$
courtneydavis361,courtneydavis361@yahoo.com,"<9,=Bd`3w4uz"
courtneydavis362,courtneydavis362@yahoo.com,OJ6(3:-nJ0
courtneydavis363,courtneydavis363@yahoo.com,lQb>Bh/4699A/hh`
courtneydavis364,courtneydavis364@yahoo.com,",C/<a2rJro"
courtneydavis365,courtneydavis365@yahoo.com,$9QseU*67
courtneydavis366,courtneydavis366@yahoo.com,~UW5CB<Qz!u.<^|0
courtneydavis367,courtneydavis367@yahoo.com,U!(mG)rN<OIy.%$|
courtneydavis368,courtneydavis368@yahoo.com,0Nc^$kR{5d
courtneydavis369,courtneydavis369@yahoo.com,+YM0(jU4Ux2G)P
courtneydavis370,courtneydavis370@yahoo.com,o?2UBUXc_
courtneydavis371,courtneydavis371@yahoo.com,]L7TDc|1g31>aH=$
courtneydavis372,courtneydavis372@yahoo.com,XQ/1JVj%s#
courtneydavis373,courtneydavis373@yahoo.com,k)em_XNV25U1
courtneydavis374,courtneydavis374@yahoo.com,4g09221Q7IN
courtneydavis375,courtneydavis375@yahoo.com,59gdM_g675M&~
courtneydavis376,courtneydavis376@yahoo.com,`k&$2pmCjR|h+RW
courtneydavis377,courtneydavis377@yahoo.com,fi5D/wS5bip
courtneydavis378,courtneydavis378@yahoo.com,_SuA`_jx~3|Kh
courtneydavis379,courtneydavis379@yahoo.com,p-T37m0D`G
courtneydavis380,courtneydavis380@yahoo.com,)%1<]927c}u2
courtneydavis381,courtneydavis381@yahoo.com,"77WSk6,1PT"
courtneydavis382,courtneydavis382@yahoo.com,lUv}[z3GDpAe@e3.
courtneydavis383,courtneydavis383@yahoo.com,+Tg:qiR@%~
courtneydavis384,courtneydavis384@yahoo.com,!.%1Nq|~(#
courtneydavis385,courtneydavis385@yahoo.com,Q+`K~1nUg8!JL
courtneydavis386,courtneydavis386@yahoo.com,oFL`Cf2JBL#8pPW
courtneydavis387,courtneydavis387@yahoo.com,)Kri30Jk784=/CF
courtneydavis388,courtneydavis388@yahoo.com,(<i@BrE]1U73
courtneydavis389,courtneydavis389@yahoo.com,2[xd%&W)0X
courtneydavis390,courtneydavis390@yahoo.com,_gDYzv67i8;n9
courtneydavis391,courtneydavis391@yahoo.com,"nz,(?TaA,1B28#Zw"
courtneydavis392,courtneydavis392@yahoo.com,$8T!)KZ}
courtneydavis393,courtneydavis393@yahoo.com,W*Nl+yW9a&[N3KcY
courtneydavis394,courtneydavis394@yahoo.com,77z/a@^$v6HOd8@|
courtneydavis395,courtneydavis395@yahoo.com,A`0DVU!y=Jqh
courtneydavis396,courtneydavis396@yahoo.com,PZ*0{.8|U322
courtneydavis397,courtneydavis397@yahoo.com,jqF7x/f}#eh+c3$@
courtneydavis398,courtneydavis398@yahoo.com,8fe$PT0S
courtneydavis399,courtneydavis399@yahoo.com,AOFI=E%`9x+|6
courtneydavis400,courtneydavis400@yahoo.com,okKNBt23?[
courtneydavis401,courtneydavis401@yahoo.com,L6e4#2][OY03
courtneydavis402,courtneydavis402@yahoo.com,Q(.E09w5Y
courtneydavis403,courtneydavis403@yahoo.com,801W8F4zxf259[
courtneydavis404,courtneydavis404@yahoo.com,t7cA@<q2M
courtneydavis405,courtneydavis405@yahoo.com,32cR6qB#
courtneydavis406,courtneydavis406@yahoo.com,")@xY6Aa,wIa.@"
courtneydavis407,courtneydavis407@yahoo.com,]#*NbPjYBP/T;
courtneydavis408,courtneydavis408@yahoo.com,<M7ouI`80
courtneydavis409,courtneydavis409@yahoo.com,2E3O4c1W
courtneydavis410,courtneydavis410@yahoo.com,*pD<4Xy*0p
courtneydavis411,courtneydavis411@yahoo.com,XGCH}aC7:0Er
courtneydavis412,courtneydavis412@yahoo.com,"/d~%5^2|2L,X"
courtneydavis413,courtneydavis413@yahoo.com,7Yh?S;bT_&)
courtneydavis414,courtneydavis414@yahoo.com,Gf79y]ejP2Su
courtneydavis415,courtneydavis415@yahoo.com,_1NFC^}7q4U[w-
courtneydavis416,courtneydavis416@yahoo.com,9Fi>%/{b
courtneydavis417,courtneydavis417@yahoo.com,2ZITP-?n0^
courtneydavis418,courtneydavis418@yahoo.com,)36v9?XuA$y<Qt
courtneydavis419,courtneydavis419@yahoo.com,!r@u*4PZ-21
courtneydavis420,courtneydavis420@yahoo.com,D{&Z?@2gy4-zJk
courtneydavis421,courtneydavis421@yahoo.com,+9tem}!o
courtneydavis422,courtneydavis422@yahoo.com,rS<I1jbkYuF^{
courtneydavis423,courtneydavis423@yahoo.com,M;?Z02Zgh0MV
courtneydavis424,courtneydavis424@yahoo.com,/1C?5*~MED9
courtneydavis425,courtneydavis425@yahoo.com,`9D]DtrzBl3
courtneydavis426,courtneydavis426@yahoo.com,U0F;2H$k
courtneydavis427,courtneydavis427@yahoo.com,53m|3WW-QO
courtneydavis428,courtneydavis428@yahoo.com,",27!OM53O@"
courtneydavis429,courtneydavis429@yahoo.com,"v=DH|XrL471M,-;"
courtneydavis430,courtneydavis430@yahoo.com,ly/Kl6o[@Kk*8+|q
courtneydavis431,courtneydavis431@yahoo.com,%BvI0dccL(
courtneydavis432,courtneydavis432@yahoo.com,(}ZC%I8j3L6Lq*
courtneydavis433,courtneydavis433@yahoo.com,~#Q6iY94A6]&w
courtneydavis434,courtneydavis434@yahoo.com,"$1,hP5.T"
courtneydavis435,courtneydavis435@yahoo.com,uhp)cOt>40/mf6U
courtneydavis436,courtneydavis436@yahoo.com,Ta~Tvx>DR>R
courtneydavis437,courtneydavis437@yahoo.com,L$xwUY>u7|o!|
courtneydavis438,courtneydavis438@yahoo.com,Yv5?B95zw.v8O(#
courtneydavis439,courtneydavis439@yahoo.com,mQZ(@-[y
courtneydavis440,courtneydavis440@yahoo.com,"s@K,!:%Z,Ll"
courtneydavis441,courtneydavis441@yahoo.com,nRJ{5xY69<3=8p
courtneydavis442,courtneydavis442@yahoo.com,]7kQZT~#tF8-]]1
courtneydavis443,courtneydavis443@yahoo.com,qBgM^m9rltKt
courtneydavis444,courtneydavis444@yahoo.com,0}97zF}.-D&85Ezo
courtneydavis445,courtneydavis445@yahoo.com,ak+P)9Qjgj
courtneydavis446,courtneydavis446@yahoo.com,0bMS8uMW[^6]2w
courtneydavis447,courtneydavis447@yahoo.com,m6{a-WBe
courtneydavis448,courtneydavis448@yahoo.com,xbM8NxxreHY}7..
courtneydavis449,courtneydavis449@yahoo.com,(m2&J_4f$VD9_sS6
courtneydavis450,courtneydavis450@yahoo.com,6ahZU.W@7wi
courtneydavis451,courtneydavis451@yahoo.com,$1NwFtC-sF69
courtneydavis452,courtneydavis452@yahoo.com,9^~j1~L2])A>
courtneydavis453,courtneydavis453@yahoo.com,Z>:@QH7Y-t
courtneydavis454,courtneydavis454@yahoo.com,F`4I+}DK4C`
courtneydavis455,courtneydavis455@yahoo.com,RM8|W0u)8
courtneydavis456,courtneydavis456@yahoo.com,4#gzPm[u#P8Rm
courtneydavis457,courtneydavis457@yahoo.com,AVBwlea7_
courtneydavis458,courtneydavis458@yahoo.com,"D(;E#~|,0"
courtneydavis459,courtneydavis459@yahoo.com,<ge1$TtQGb%
courtneydavis460,courtneydavis460@yahoo.com,IAC4Ma=up6&sf1U
courtneydavis461,courtneydavis461@yahoo.com,h3{dsf5.j/1G
courtneydavis462,courtneydavis462@yahoo.com,aZ7Ms=051(2r2Xw
courtneydavis463,courtneydavis463@yahoo.com,nTb29H7yFtgR)Co
courtneydavis464,courtneydavis464@yahoo.com,Gx8hF+#fac
courtneydavis465,courtneydavis465@yahoo.com,8=]bv9^{A.lr@
courtneydavis466,courtneydavis466@yahoo.com,VY(zr5b0_sH5
courtneydavis467,courtneydavis467@yahoo.com,"6hq6A7m,gF!FTr"
courtneydavis468,courtneydavis468@yahoo.com,w1)_Sf[nh[bN&5
courtneydavis469,courtneydavis469@yahoo.com,QvY#7evuBF?9`(J.
courtneydavis470,courtneydavis470@yahoo.com,k-w;V&9p+:2
courtneydavis471,courtneydavis471@yahoo.com,E?5|3b4j|al#
courtneydavis472,courtneydavis472@yahoo.com,)bN7+uR^+TGMhn~&
courtneydavis473,courtneydavis473@yahoo.com,V9#R-3H2ta:1
courtneydavis474,courtneydavis474@yahoo.com,99R81R/){>3KJ
courtneydavis475,courtneydavis475@yahoo.com,O$1c[8=7K6;>]
courtneydavis476,courtneydavis476@yahoo.com,ss@rSQd93-P
courtneydavis477,courtneydavis477@yahoo.com,cRyOspx$E
courtneydavis478,courtneydavis478@yahoo.com,!fh$%=^|v==n
courtneydavis479,courtneydavis479@yahoo.com,R0Uz5~JE
courtneydavis480,courtneydavis480@yahoo.com,!Lm&&q;^Os}p
courtneydavis481,courtneydavis481@yahoo.com,W|xB7I8bn!^9]ET2
courtneydavis482,courtneydavis482@yahoo.com,<N_V-7MLy>EK
courtneydavis483,courtneydavis483@yahoo.com,|kX6j#z*gw(<5q]0
courtneydavis484,courtneydavis484@yahoo.com,952l9)3h
courtneydavis485,courtneydavis485@yahoo.com,t%Y=h(0PbOStC
courtneydavis486,courtneydavis486@yahoo.com,$1F`jd!e4G{S<0V?
courtneydavis487,courtneydavis487@yahoo.com,k+C6wlmEodTo5J3p
courtneydavis488,courtneydavis488@yahoo.com,8eS]{3FZM-H]d
courtneydavis489,courtneydavis489@yahoo.com,d5^$C*hV
courtneydavis490,courtneydavis490@yahoo.com,gY%ZY7f=8ue
courtneydavis491,courtneydavis491@yahoo.com,*EKb-aR<dk4BSz
courtneydavis492,courtneydavis492@yahoo.com,",;OvKpC?D"
courtneydavis493,courtneydavis493@yahoo.com,J3)?_2:E
courtneydavis494,courtneydavis494@yahoo.com,UxN4jV6ls3]r
courtneydavis495,courtneydavis495@yahoo.com,"9RKIUZL..7,|7ZW6"
courtneydavis496,courtneydavis496@yahoo.com,0kHL`S[3/2A0S@*8
courtneydavis497,courtneydavis497@yahoo.com,RBb~3q%q>7)6E+/
courtneydavis498,courtneydavis498@yahoo.com,p@30sSe6cA{1[Fb
courtneydavis499,courtneydavis499@yahoo.com,[|{KZ2Rf8Pfq7FS
courtneydavis500,courtneydavis500@yahoo.com,"@|19SEvIgulv#wr,"
courtneydavis501,courtneydavis501@yahoo.com,S~@7b1rWwov
courtneydavis502,courtneydavis502@yahoo.com,FWmR6@d_;;Ap-C]
courtneydavis503,courtneydavis503@yahoo.com,!b9+W&x)tHa6:
courtneydavis504,courtneydavis504@yahoo.com,#2{@9xwQiO$[YO*U
courtneydavis505,courtneydavis505@yahoo.com,"r5_,<2<,.}<g8r"
courtneydavis506,courtneydavis506@yahoo.com,`2<r2J6_lSk
courtneydavis507,courtneydavis507@yahoo.com,k6:*UL=g.`[
courtneydavis508,courtneydavis508@yahoo.com,0yPLij%1|e>6
courtneydavis509,courtneydavis509@yahoo.com,"4_X|#k)4)S,HXei"
courtneydavis510,courtneydavis510@yahoo.com,?nar#^nshp
courtneydavis511,courtneydavis511@yahoo.com,})y|i%1hH>x2c)5~
courtneydavis512,courtneydavis512@yahoo.com,EBw58*cY.
courtneydavis513,courtneydavis513@yahoo.com,[f3~4&)9Pk#T@X9
courtneydavis514,courtneydavis514@yahoo.com,?d&bs=+itbz;6
courtneydavis515,courtneydavis515@yahoo.com,/h3`4x1BO
courtneydavis516,courtneydavis516@yahoo.com,p_YRP$97Z3j4#^Z1
courtneydavis517,courtneydavis517@yahoo.com,q2~|wT$!_=l
courtneydavis518,courtneydavis518@yahoo.com,&>jR5yttbG
courtneydavis519,courtneydavis519@yahoo.com,p9jb4[QZ!
courtneydavis520,courtneydavis520@yahoo.com,H@[i313s!v5^}2_P
courtneydavis521,courtneydavis521@yahoo.com,toYFT0s|2F
courtneydavis522,courtneydavis522@yahoo.com,0{l#@4u%L1
courtneydavis523,courtneydavis523@yahoo.com,^IBTEJ-?5fH2h
courtneydavis524,courtneydavis524@yahoo.com,^^Y47gkTM%
courtneydavis525,courtneydavis525@yahoo.com,?9c^f)|7_h
courtneydavis526,courtneydavis526@yahoo.com,_[1}Rf]W3?}2
courtneydavis527,courtneydavis527@yahoo.com,7qOA2m?f{e
courtneydavis528,courtneydavis528@yahoo.com,>1/doa]:+R#xN>3
courtneydavis529,courtneydavis529@yahoo.com,"@h8,o$K=whH+2@"
courtneydavis530,courtneydavis530@yahoo.com,R5p7+9d11V
courtneydavis531,courtneydavis531@yahoo.com,k81#JsxOg1@x)nn$
courtneydavis532,courtneydavis532@yahoo.com,5@%q^z=q]{J
courtneydavis533,courtneydavis533@yahoo.com,"}[^,f[Pw}pIz="
courtneydavis534,courtneydavis534@yahoo.com,"6Y6o2B,.TCu:"
courtneydavis535,courtneydavis535@yahoo.com,%/JucD?S6`A
courtneydavis536,courtneydavis536@yahoo.com,5}210o<m
courtneydavis537,courtneydavis537@yahoo.com,pa1!sqvE7N?=?
courtneydavis538,courtneydavis538@yahoo.com,"00y(6{kG,ku)[g"
courtneydavis539,courtneydavis539@yahoo.com,3/63_BfCxB
courtneydavis540,courtneydavis540@yahoo.com,5m%~1bb3
courtneydavis541,courtneydavis541@yahoo.com,u<sfgAeq5T
courtneydavis542,courtneydavis542@yahoo.com,"36Dp/P,;z68c"
courtneydavis543,courtneydavis543@yahoo.com,"fB~6L.R[l),V"
courtneydavis544,courtneydavis544@yahoo.com,8At3bYYQXYbP1I
courtneydavis545,courtneydavis545@yahoo.com,1{W1Co1Yabo308
courtneydavis546,courtneydavis546@yahoo.com,";IG|q,qD"
courtneydavis547,courtneydavis547@yahoo.com,}jNt+Mw|3:0x8:
courtneydavis548,courtneydavis548@yahoo.com,"EF<AR6,%2"
courtneydavis549,courtneydavis549@yahoo.com,h#V/Ia+-zr(X
courtneydavis550,courtneydavis550@yahoo.com,mQ^29NpHNfhIi
courtneydavis551,courtneydavis551@yahoo.com,"+>w,?x^Gh(O"
courtneydavis552,courtneydavis552@yahoo.com,Vk:{SH6t~n2pf
courtneydavis553,courtneydavis553@yahoo.com,D~+Dbb-7}AY65aN0
courtneydavis554,courtneydavis554@yahoo.com,Vw5OePN$1a;f
courtneydavis555,courtneydavis555@yahoo.com,-y/l0D7cGUX3$*
courtneydavis556,courtneydavis556@yahoo.com,2TU81}K6CD0
courtneydavis557,courtneydavis557@yahoo.com,2FF()3sb0xpX
courtneydavis558,courtneydavis558@yahoo.com,`e#3O-Y9:f4R6!
courtneydavis559,courtneydavis559@yahoo.com,0]JYofc&_
courtneydavis560,courtneydavis560@yahoo.com,JlP$jnj>.:!?
courtneydavis561,courtneydavis561@yahoo.com,492rbcG[5
courtneydavis562,courtneydavis562@yahoo.com,ujLG3/F0Ex
courtneydavis563,courtneydavis563@yahoo.com,"Z3as6L29A,ZCZ}G"
courtneydavis564,courtneydavis564@yahoo.com,"4QYY9},Vd4c2#"
courtneydavis565,courtneydavis565@yahoo.com,I=*441s0VF3
courtneydavis566,courtneydavis566@yahoo.com,{r0Rxp3$u|cv*o
courtneydavis567,courtneydavis567@yahoo.com,9]8M8-0FOXoaZ?
courtneydavis568,courtneydavis568@yahoo.com,VsT`e9EU53.wUvT
courtneydavis569,courtneydavis569@yahoo.com,"D,yy9}xE"
courtneydavis570,courtneydavis570@yahoo.com,*2S8Sc):6YP4vjK
courtneydavis571,courtneydavis571@yahoo.com,2h}^oU{;
courtneydavis572,courtneydavis572@yahoo.com,J=kZ1tJt.0t
courtneydavis573,courtneydavis573@yahoo.com,42QS^pfP
courtneydavis574,courtneydavis574@yahoo.com,w@Xooabj73
courtneydavis575,courtneydavis575@yahoo.com,_{D-.>?a$km
courtneydavis576,courtneydavis576@yahoo.com,H;6!b98D
courtneydavis577,courtneydavis577@yahoo.com,b.g)HE~o40[if
courtneydavis578,courtneydavis578@yahoo.com,q1aBUc^tOy..S<oK
courtneydavis579,courtneydavis579@yahoo.com,EQ9c.2^p(ALyk;.~
courtneydavis580,courtneydavis580@yahoo.com,@5(WX0FK>nyu
courtneydavis581,courtneydavis581@yahoo.com,4%9zQg1*R8
courtneydavis582,courtneydavis582@yahoo.com,k9cbgT7Ce$h
courtneydavis583,courtneydavis583@yahoo.com,}T@8Qg?b0${[q{vA
courtneydavis584,courtneydavis584@yahoo.com,fErM@$.>hu
courtneydavis585,courtneydavis585@yahoo.com,$!HJ11pxa
courtneydavis586,courtneydavis586@yahoo.com,*942@XrK>4[cS}
courtneydavis587,courtneydavis587@yahoo.com,@8U)A2G7ZXsb0I-b
courtneydavis588,courtneydavis588@yahoo.com,ArzTtni~77xQ9
courtneydavis589,courtneydavis589@yahoo.com,)N+Coq-|7XoI
courtneydavis590,courtneydavis590@yahoo.com,?j&`E{)s!#gim
courtneydavis591,courtneydavis591@yahoo.com,"x2,Fip2F2["
courtneydavis592,courtneydavis592@yahoo.com,oi1j^I3ay+=|o3
courtneydavis593,courtneydavis593@yahoo.com,d4^=@Yv{9
courtneydavis594,courtneydavis594@yahoo.com,t-&a(s/t&pV8sS
courtneydavis595,courtneydavis595@yahoo.com,k3-Q;K98~9BSJ$KL
courtneydavis596,courtneydavis596@yahoo.com,B(]*yOee4.G
courtneydavis597,courtneydavis597@yahoo.com,"X,HzL0,F0;u#+7"
courtneydavis598,courtneydavis598@yahoo.com,`~#71kv1pw2*d38
courtneydavis599,courtneydavis599@yahoo.com,|g5A%[11nx8K6;Dv
courtneydavis600,courtneydavis600@yahoo.com,K}B0r0K/?>5yqW6
courtneydavis601,courtneydavis601@yahoo.com,1}2}7Hdi
courtneydavis602,courtneydavis602@yahoo.com,OL17qcer2ytv|
courtneydavis603,courtneydavis603@yahoo.com,{8<6d9#{DT?
courtneydavis604,courtneydavis604@yahoo.com,qT{QTzb?iAq8+M
courtneydavis605,courtneydavis605@yahoo.com,E=x`N4`2p198
courtneydavis606,courtneydavis606@yahoo.com,"B}R;@%2,8"
courtneydavis607,courtneydavis607@yahoo.com,1^Y4?qF%
courtneydavis608,courtneydavis608@yahoo.com,"$VOSw3JF]pz,X"
courtneydavis609,courtneydavis609@yahoo.com,"{H/`(U6,~1d9"
courtneydavis610,courtneydavis610@yahoo.com,`(w6Z75:*v0
courtneydavis611,courtneydavis611@yahoo.com,0Pf3^UY453eg
courtneydavis612,courtneydavis612@yahoo.com,VoP1(g9T
courtneydavis613,courtneydavis613@yahoo.com,k`Ok6`WIs7zzz8
courtneydavis614,courtneydavis614@yahoo.com,2A4^IhnMDX3i
courtneydavis615,courtneydavis615@yahoo.com,",9nrR^-%G`D?}"
courtneydavis616,courtneydavis616@yahoo.com,g%%cg|9PZ8z
courtneydavis617,courtneydavis617@yahoo.com,Rh:o-*rH@3:1d!
courtneydavis618,courtneydavis618@yahoo.com,aL$-Y`A[>r
courtneydavis619,courtneydavis619@yahoo.com,"MgBp,%*Z"
courtneydavis620,courtneydavis620@yahoo.com,(s}-5BNhT9ju:d6
courtneydavis621,courtneydavis621@yahoo.com,nO^B%JXOP
courtneydavis622,courtneydavis622@yahoo.com,A~Ve0E&:Vpv9^?
courtneydavis623,courtneydavis623@yahoo.com,j-Bv+7`3J45*
courtneydavis624,courtneydavis624@yahoo.com,"Zl9xO+:M)Hv,"
courtneydavis625,courtneydavis625@yahoo.com,",YHl!h91q"
courtneydavis626,courtneydavis626@yahoo.com,Xpmd77O7
courtneydavis627,courtneydavis627@yahoo.com,5v+vhEJ5p$02bm
courtneydavis628,courtneydavis628@yahoo.com,m+F@=g?E`RAaC
courtneydavis629,courtneydavis629@yahoo.com,3*cB5YKg|u&
courtneydavis630,courtneydavis630@yahoo.com,L=6ETMy@
courtneydavis631,courtneydavis631@yahoo.com,"2du^8r$W+5,c5X("
courtneydavis632,courtneydavis632@yahoo.com,"nVEq0,TL2T"
courtneydavis633,courtneydavis633@yahoo.com,3BahBqE1Gc7t
courtneydavis634,courtneydavis634@yahoo.com,)5Z3FP!(VJ(S
courtneydavis635,courtneydavis635@yahoo.com,gRkn^T1zs}e$g
courtneydavis636,courtneydavis636@yahoo.com,"F5CF|W`&*_,."
courtneydavis637,courtneydavis637@yahoo.com,2wr?@G9Qqq6
courtneydavis638,courtneydavis638@yahoo.com,}2iw!9Oi.-x9Wtt
courtneydavis639,courtneydavis639@yahoo.com,[rmQe8V572B
courtneydavis640,courtneydavis640@yahoo.com,YMNkT|6580eRzt}J
courtneydavis641,courtneydavis641@yahoo.com,LT)ZL@W?q3nn8
courtneydavis642,courtneydavis642@yahoo.com,485Az1q6y
courtneydavis643,courtneydavis643@yahoo.com,B79_*maQ;c.
courtneydavis644,courtneydavis644@yahoo.com,4-nUAj%[+5=~YAVL
courtneydavis645,courtneydavis645@yahoo.com,iJS2mB9WA6YM26:f
courtneydavis646,courtneydavis646@yahoo.com,*yM!95N%
courtneydavis647,courtneydavis647@yahoo.com,eY9{5xK_B;JgjF(y
courtneydavis648,courtneydavis648@yahoo.com,KwaggFx`e/ap?i>
courtneydavis649,courtneydavis649@yahoo.com,@T37mETUZg8(
courtneydavis650,courtneydavis650@yahoo.com,rtZa&&t280+
courtneydavis651,courtneydavis651@yahoo.com,c_eR}d1mq
courtneydavis652,courtneydavis652@yahoo.com,DZ=6SIk<cg
courtneydavis653,courtneydavis653@yahoo.com,vxz-6r83
courtneydavis654,courtneydavis654@yahoo.com,*z1+uZy4<ai
courtneydavis655,courtneydavis655@yahoo.com,"Zv^qi_Z-dna*,K~X"
courtneydavis656,courtneydavis656@yahoo.com,y0q#egvj2x
courtneydavis657,courtneydavis657@yahoo.com,])C4/7KEwVf
courtneydavis658,courtneydavis658@yahoo.com,"3bE.aB,H!"
courtneydavis659,courtneydavis659@yahoo.com,2`^fzQOL&
courtneydavis660,courtneydavis660@yahoo.com,f-BjsH%SY<<
courtneydavis661,courtneydavis661@yahoo.com,3x;3T+o2<Ys9KIb
courtneydavis662,courtneydavis662@yahoo.com,2*9GwuHMXm1rK4z1
courtneydavis663,courtneydavis663@yahoo.com,A3I<$2u}^A
courtneydavis664,courtneydavis664@yahoo.com,"),8i-45A"
courtneydavis665,courtneydavis665@yahoo.com,{9F6#922y%#[
courtneydavis666,courtneydavis666@yahoo.com,Ah25q^4N++/7mt
courtneydavis667,courtneydavis667@yahoo.com,#8y0;h?bzE>f9Ja
courtneydavis668,courtneydavis668@yahoo.com,/T#i%FX6/I
courtneydavis669,courtneydavis669@yahoo.com,r.F$Pn%8I9
courtneydavis670,courtneydavis670@yahoo.com,1UwK8.QHdK#=5y4d
courtneydavis671,courtneydavis671@yahoo.com,ZtL&^|57}&_/=
courtneydavis672,courtneydavis672@yahoo.com,&s@9djAI<8v9h
courtneydavis673,courtneydavis673@yahoo.com,@uO;GdxwEtOr
courtneydavis674,courtneydavis674@yahoo.com,Vigs;a?=o/5f
courtneydavis675,courtneydavis675@yahoo.com,@99=2[2HH
courtneydavis676,courtneydavis676@yahoo.com,yM7f?dZ4-c
courtneydavis677,courtneydavis677@yahoo.com,~27a;<w<=ZA&T
courtneydavis678,courtneydavis678@yahoo.com,h8{j-l*G
courtneydavis679,courtneydavis679@yahoo.com,1L3#9A<A
courtneydavis680,courtneydavis680@yahoo.com,nue=jRA63Y
courtneydavis681,courtneydavis681@yahoo.com,`bB/YxS9y
courtneydavis682,courtneydavis682@yahoo.com,Wtttsr&e@68
courtneydavis683,courtneydavis683@yahoo.com,o{amW>1-!iDQ56W
courtneydavis684,courtneydavis684@yahoo.com,Lfuz{R+q80
courtneydavis685,courtneydavis685@yahoo.com,%%h+hzA1
courtneydavis686,courtneydavis686@yahoo.com,61^*p{0n
courtneydavis687,courtneydavis687@yahoo.com,JW9fS1r|
courtneydavis688,courtneydavis688@yahoo.com,"68WP@G,1)GTjF"
courtneydavis689,courtneydavis689@yahoo.com,_3F`+7(b;h~-
courtneydavis690,courtneydavis690@yahoo.com,0`xG`0jDEuIbi12<
courtneydavis691,courtneydavis691@yahoo.com,())Q|p88>wai
courtneydavis692,courtneydavis692@yahoo.com,S0vg=Kt2_~RM}`
courtneydavis693,courtneydavis693@yahoo.com,3y;I1HUzE^5y2S
courtneydavis694,courtneydavis694@yahoo.com,=BTj!:o<|1(7tPyp
courtneydavis695,courtneydavis695@yahoo.com,!M7d}l:RAJ_0cC
courtneydavis696,courtneydavis696@yahoo.com,t{@3U?1>|y@^UhA
courtneydavis697,courtneydavis697@yahoo.com,%1)(`{U}ovOm213
courtneydavis698,courtneydavis698@yahoo.com,NC~5KjDHQxT;H345
courtneydavis699,courtneydavis699@yahoo.com,*#5uR[b33fa~4B<
courtneydavis700,courtneydavis700@yahoo.com,";o*,/wU_V"
courtneydavis701,courtneydavis701@yahoo.com,A8yg6TzeGK
courtneydavis702,courtneydavis702@yahoo.com,8T@9J|8kS
courtneydavis703,courtneydavis703@yahoo.com,!v!/OJ$-
courtneydavis704,courtneydavis704@yahoo.com,"H!9BjC$3qi,!5y55"
courtneydavis705,courtneydavis705@yahoo.com,:!wT$]Dsnvm
courtneydavis706,courtneydavis706@yahoo.com,A*t+M<D1s93Y2
courtneydavis707,courtneydavis707@yahoo.com,p(TlStA2
courtneydavis708,courtneydavis708@yahoo.com,"5Dz5z,1c"
courtneydavis709,courtneydavis709@yahoo.com,89QuvJ_HqPJF^6m}
courtneydavis710,courtneydavis710@yahoo.com,47}Qlu-c1k409=
courtneydavis711,courtneydavis711@yahoo.com,B5j7W3ci<<
courtneydavis712,courtneydavis712@yahoo.com,jI7ip64iO
courtneydavis713,courtneydavis713@yahoo.com,#6d::Vy8N:^Tj
courtneydavis714,courtneydavis714@yahoo.com,6H{9~*>?m`NAT<v
courtneydavis715,courtneydavis715@yahoo.com,30zv+Np1@V
courtneydavis716,courtneydavis716@yahoo.com,EDg[@A!&g[0WMc~
courtneydavis717,courtneydavis717@yahoo.com,I=8d9[NJ&
courtneydavis718,courtneydavis718@yahoo.com,f$0DB3QG
courtneydavis719,courtneydavis719@yahoo.com,]5?8C5Ca
courtneydavis720,courtneydavis720@yahoo.com,D^%?]?2EL
courtneydavis721,courtneydavis721@yahoo.com,B4(061|S
courtneydavis722,courtneydavis722@yahoo.com,`?y=<&d9?E_;
courtneydavis723,courtneydavis723@yahoo.com,~3U=opOw/X?5mt
courtneydavis724,courtneydavis724@yahoo.com,7oI2a`xq7n;uHP4
courtneydavis725,courtneydavis725@yahoo.com,{71_k/#>|Js.{
courtneydavis726,courtneydavis726@yahoo.com,985@H&Aj
courtneydavis727,courtneydavis727@yahoo.com,.FXnfxOOm~I05R)
courtneydavis728,courtneydavis728@yahoo.com,Wm4v}3n5
courtneydavis729,courtneydavis729@yahoo.com,"aW@v17w,/M#"
courtneydavis730,courtneydavis730@yahoo.com,vh36cTssdv8c.g0>
courtneydavis731,courtneydavis731@yahoo.com,xJIdat?g+v
courtneydavis732,courtneydavis732@yahoo.com,6v6nS3:o*pk6n+
courtneydavis733,courtneydavis733@yahoo.com,I6.ak0].
courtneydavis734,courtneydavis734@yahoo.com,eDy9^uWS547
courtneydavis735,courtneydavis735@yahoo.com,?x1}#P*XPB.}898^
courtneydavis736,courtneydavis736@yahoo.com,Qu>}NtQ&i
courtneydavis737,courtneydavis737@yahoo.com,"bH8z?5Q,r&}#a"
courtneydavis738,courtneydavis738@yahoo.com,"S8,3{&@f4?gDsQ1"
courtneydavis739,courtneydavis739@yahoo.com,a0?kcu>UY%Esq{&
courtneydavis740,courtneydavis740@yahoo.com,)1lh~R96(1
courtneydavis741,courtneydavis741@yahoo.com,-]4Fd~rB2_i-.
courtneydavis742,courtneydavis742@yahoo.com,KE^65L4P)hhk
courtneydavis743,courtneydavis743@yahoo.com,JbmKxvq61>24]
courtneydavis744,courtneydavis744@yahoo.com,"90X,3_!KN@%2~"
courtneydavis745,courtneydavis745@yahoo.com,(87rN}~EY)
courtneydavis746,courtneydavis746@yahoo.com,mO[M!nKhb~|Ss3B
courtneydavis747,courtneydavis747@yahoo.com,n25W971AA9jV;a6
courtneydavis748,courtneydavis748@yahoo.com,%kP3I2H%Te
courtneydavis749,courtneydavis749@yahoo.com,*_%(ygHh=S_SMbt
courtneydavis750,courtneydavis750@yahoo.com,"U{37,M24o4+."
courtneydavis751,courtneydavis751@yahoo.com,d95Ii;w:e59^
courtneydavis752,courtneydavis752@yahoo.com,#K1ly;-*
courtneydavis753,courtneydavis753@yahoo.com,IhE74lmJf>0P2`Dw
courtneydavis754,courtneydavis754@yahoo.com,Al!3Od>f#5%
courtneydavis755,courtneydavis755@yahoo.com,![/.&49Jo2a
courtneydavis756,courtneydavis756@yahoo.com,p3TNs3V6*
courtneydavis757,courtneydavis757@yahoo.com,hH0T%xVn`sGj:o2Q
courtneydavis758,courtneydavis758@yahoo.com,5}c68G-6
courtneydavis759,courtneydavis759@yahoo.com,dMlG&2)XX
courtneydavis760,courtneydavis760@yahoo.com,_-a//q.vCJiR
courtneydavis761,courtneydavis761@yahoo.com,+_ZM%$rB4
courtneydavis762,courtneydavis762@yahoo.com,YgS62Sy}6?
courtneydavis763,courtneydavis763@yahoo.com,l8s4T`1irN;2Af
courtneydavis764,courtneydavis764@yahoo.com,g5rx!sD5o3t--@6*
courtneydavis765,courtneydavis765@yahoo.com,2xb;}W?Aa?)X
courtneydavis766,courtneydavis766@yahoo.com,CLAda#@zJ|_*Doi
courtneydavis767,courtneydavis767@yahoo.com,#``ENey0@
courtneydavis768,courtneydavis768@yahoo.com,4Ggpal(AMS{*L&d
courtneydavis769,courtneydavis769@yahoo.com,7u[;e%8QI#r`2`
courtneydavis770,courtneydavis770@yahoo.com,)n]bC9;eI69_~13%
courtneydavis771,courtneydavis771@yahoo.com,a>2bW~5U=f
courtneydavis772,courtneydavis772@yahoo.com,xx_O~C2Tj(B#z
courtneydavis773,courtneydavis773@yahoo.com,^-?h0yQ>~.T|X@Xr
courtneydavis774,courtneydavis774@yahoo.com,^%tq4h8!;LyM
courtneydavis775,courtneydavis775@yahoo.com,aPO!oR35KSC9(a
courtneydavis776,courtneydavis776@yahoo.com,@:&7_:9>d
courtneydavis777,courtneydavis777@yahoo.com,cTW3}5O5
courtneydavis778,courtneydavis778@yahoo.com,|o$m-8{/9EJU
courtneydavis779,courtneydavis779@yahoo.com,r68lk3*4`D0m
courtneydavis780,courtneydavis780@yahoo.com,",q..41Q3[o"
courtneydavis781,courtneydavis781@yahoo.com,$6QR1H4;?uF(Do
courtneydavis782,courtneydavis782@yahoo.com,+J:RY<:QyJ-
courtneydavis783,courtneydavis783@yahoo.com,4f*C87b9(^)x8Rj
courtneydavis784,courtneydavis784@yahoo.com,yc@@P&~f7Z4+=CC
courtneydavis785,courtneydavis785@yahoo.com,"BW,I1@E.-WT"
courtneydavis786,courtneydavis786@yahoo.com,PfP1jj-/F::IFR
courtneydavis787,courtneydavis787@yahoo.com,)2U7sl403
courtneydavis788,courtneydavis788@yahoo.com,Fs3jIdYB8W
courtneydavis789,courtneydavis789@yahoo.com,q2B/=Tf{FQ<M>.
courtneydavis790,courtneydavis790@yahoo.com,]~W2<I9T@&t
courtneydavis791,courtneydavis791@yahoo.com,]3W2EH8TYq:(hz
courtneydavis792,courtneydavis792@yahoo.com,;RI|2u0d
courtneydavis793,courtneydavis793@yahoo.com,"F,]}/!:t(:"
courtneydavis794,courtneydavis794@yahoo.com,:+v13C#bS688Z
courtneydavis795,courtneydavis795@yahoo.com,9$|c!hD<Jw7aO
courtneydavis796,courtneydavis796@yahoo.com,",x.1aCj5t9PhWXZR"
courtneydavis797,courtneydavis797@yahoo.com,I&{`KPsy767o
courtneydavis798,courtneydavis798@yahoo.com,:/%[GwqYQJTI
courtneydavis799,courtneydavis799@yahoo.com,E3[eF724<8
courtneydavis800,courtneydavis800@yahoo.com,2P7Niv95*
courtneydavis801,courtneydavis801@yahoo.com,u^#eJSwKh.EhED
courtneydavis802,courtneydavis802@yahoo.com,AcI6{MbF
courtneydavis803,courtneydavis803@yahoo.com,<@=c171NqD]A
courtneydavis804,courtneydavis804@yahoo.com,5g3ql8Yq
courtneydavis805,courtneydavis805@yahoo.com,+l~uF2fQvs
courtneydavis806,courtneydavis806@yahoo.com,Xl4p2P0|f-i-17L
courtneydavis807,courtneydavis807@yahoo.com,:!y40/~wq
courtneydavis808,courtneydavis808@yahoo.com,kpJ0hfO~gL>4pns[
courtneydavis809,courtneydavis809@yahoo.com,M6JU_rpS0KU`Uk
courtneydavis810,courtneydavis810@yahoo.com,HoAF9W_8Q_
courtneydavis811,courtneydavis811@yahoo.com,@YatMMVy^e3r
courtneydavis812,courtneydavis812@yahoo.com,8?W]94Md
courtneydavis813,courtneydavis813@yahoo.com,!6gB_SP=5
courtneydavis814,courtneydavis814@yahoo.com,]4*Y#TIJX?8.F8W
courtneydavis815,courtneydavis815@yahoo.com,$8Sh2iLY2!j
courtneydavis816,courtneydavis816@yahoo.com,Kg))SX/3cd-_@
courtneydavis817,courtneydavis817@yahoo.com,=N&wn2^3Z^ST`O0-
courtneydavis818,courtneydavis818@yahoo.com,4J<94]H~$XTU~l
courtneydavis819,courtneydavis819@yahoo.com,H8_yi*(;
courtneydavis820,courtneydavis820@yahoo.com,VvYu;~CI>vB#y
courtneydavis821,courtneydavis821@yahoo.com,"%a8y,Ea:J/"
courtneydavis822,courtneydavis822@yahoo.com,"Y2b2Z^FOX++deE,"
courtneydavis823,courtneydavis823@yahoo.com,_OK<d95]z
courtneydavis824,courtneydavis824@yahoo.com,]G>I]@~E1.ez
courtneydavis825,courtneydavis825@yahoo.com,[f4TZxFOZo@tm3
courtneydavis826,courtneydavis826@yahoo.com,L7f765gB3
courtneydavis827,courtneydavis827@yahoo.com,kW4eF3VpO>x2dQ?j
courtneydavis828,courtneydavis828@yahoo.com,XF^VT[~`79F|0]
courtneydavis829,courtneydavis829@yahoo.com,)-8.fH<|Pf
courtneydavis830,courtneydavis830@yahoo.com,L3cdyI@O}mAIMu
courtneydavis831,courtneydavis831@yahoo.com,sTC6[)!7N
courtneydavis832,courtneydavis832@yahoo.com,n.)Q2~BSf940mLqV
courtneydavis833,courtneydavis833@yahoo.com,"YU)6=l,c^Ub"
courtneydavis834,courtneydavis834@yahoo.com,N}_3<$2`&xW`
courtneydavis835,courtneydavis835@yahoo.com,t>EVSx&w
courtneydavis836,courtneydavis836@yahoo.com,E;fP0@=jDy3I.u`
courtneydavis837,courtneydavis837@yahoo.com,*-m-rm(5
courtneydavis838,courtneydavis838@yahoo.com,nq)EU1EM^]0
courtneydavis839,courtneydavis839@yahoo.com,"-A[oTm9A9,1"
courtneydavis840,courtneydavis840@yahoo.com,(y]v.>a[p_
courtneydavis841,courtneydavis841@yahoo.com,iF3W8-zA0P
courtneydavis842,courtneydavis842@yahoo.com,K3VnWSz6Kh
courtneydavis843,courtneydavis843@yahoo.com,J6^A_sE-<u
courtneydavis844,courtneydavis844@yahoo.com,S45882lE5
courtneydavis845,courtneydavis845@yahoo.com,$qVuOo{([r;L^
courtneydavis846,courtneydavis846@yahoo.com,D3Pb7O@m>q>_
courtneydavis847,courtneydavis847@yahoo.com,"DdL{.[^R,_|{m}"
courtneydavis848,courtneydavis848@yahoo.com,Ct1>Ro+&J
courtneydavis849,courtneydavis849@yahoo.com,J/s[FgrfIotDO
courtneydavis850,courtneydavis850@yahoo.com,?8aB8!mP({2
courtneydavis851,courtneydavis851@yahoo.com,v@`!z6f}D
courtneydavis852,courtneydavis852@yahoo.com,j]s1N%kME*-@Gl7
courtneydavis853,courtneydavis853@yahoo.com,)!b;IW081878
courtneydavis854,courtneydavis854@yahoo.com,"`vTa?(=5i,0$t9"
courtneydavis855,courtneydavis855@yahoo.com,u;82nGfe[
courtneydavis856,courtneydavis856@yahoo.com,/hNq!0yHz9
courtneydavis857,courtneydavis857@yahoo.com,B9w|7S@3L]
courtneydavis858,courtneydavis858@yahoo.com,L[!LF|)hm?T@y!G
courtneydavis859,courtneydavis859@yahoo.com,S_8<_.~}n.[k@1Ld
courtneydavis860,courtneydavis860@yahoo.com,Vk<bV31*}G
courtneydavis861,courtneydavis861@yahoo.com,y|&1|D5-
courtneydavis862,courtneydavis862@yahoo.com,z3m.G{9%
courtneydavis863,courtneydavis863@yahoo.com,CvyO?%SkMfe!|xS7
courtneydavis864,courtneydavis864@yahoo.com,3OEaP08gVsVvEe9
courtneydavis865,courtneydavis865@yahoo.com,*W``/V>3?
courtneydavis866,courtneydavis866@yahoo.com,q^{vCexN
courtneydavis867,courtneydavis867@yahoo.com,"BY|:R98w,iF["
courtneydavis868,courtneydavis868@yahoo.com,ho3eB4@O9$Nt?+
courtneydavis869,courtneydavis869@yahoo.com,?w_crK=1-fX?Z
courtneydavis870,courtneydavis870@yahoo.com,$_W<kk|5
courtneydavis871,courtneydavis871@yahoo.com,C-B=^m@-NMXQ0$9S
courtneydavis872,courtneydavis872@yahoo.com,o?zuM9V/;oE=Et[
courtneydavis873,courtneydavis873@yahoo.com,RZdGP%1WH3Q
courtneydavis874,courtneydavis874@yahoo.com,|x2)J8;PS4{1{%u
courtneydavis875,courtneydavis875@yahoo.com,+TXf~4{A93{
courtneydavis876,courtneydavis876@yahoo.com,"-.V1;SW5V,13BL"
courtneydavis877,courtneydavis877@yahoo.com,o%Mkodv*+x<
courtneydavis878,courtneydavis878@yahoo.com,5+T8[|;!guj9I
courtneydavis879,courtneydavis879@yahoo.com,-}*!0|y8>
courtneydavis880,courtneydavis880@yahoo.com,Fo]Q~=>FC!4
courtneydavis881,courtneydavis881@yahoo.com,&I~Y(gI%t<n^
courtneydavis882,courtneydavis882@yahoo.com,-;&^BdzF.c3x15O2
courtneydavis883,courtneydavis883@yahoo.com,"/ZyZ[7,9m"
courtneydavis884,courtneydavis884@yahoo.com,jl/0n6-5
courtneydavis885,courtneydavis885@yahoo.com,"v,_F}8Bn-|-Yev6"
courtneydavis886,courtneydavis886@yahoo.com,5f=JaNrqE%!
courtneydavis887,courtneydavis887@yahoo.com,CgaUPG4zbE@YT
courtneydavis888,courtneydavis888@yahoo.com,BS~2X$X:xF[[9m>x
courtneydavis889,courtneydavis889@yahoo.com,BEKaukv5e
courtneydavis890,courtneydavis890@yahoo.com,x]o5x`9haB
courtneydavis891,courtneydavis891@yahoo.com,|$ZC{J9cY
courtneydavis892,courtneydavis892@yahoo.com,"Y,ogdmaIi"
courtneydavis893,courtneydavis893@yahoo.com,0pJhFCtC:qLK>
courtneydavis894,courtneydavis894@yahoo.com,"j0IAJ,T&4S6I"
courtneydavis895,courtneydavis895@yahoo.com,"3wMM[c]819.J,"
courtneydavis896,courtneydavis896@yahoo.com,ta9L^kJB)N
courtneydavis897,courtneydavis897@yahoo.com,7g<0!&H04tv
courtneydavis898,courtneydavis898@yahoo.com,v1vw06`)VF3^@0
courtneydavis899,courtneydavis899@yahoo.com,"i,lO}iCr$/"
courtneydavis900,courtneydavis900@yahoo.com,d0bpM^X/d>
courtneydavis901,courtneydavis901@yahoo.com,gDs1^.5e0iHT$2.}
courtneydavis902,courtneydavis902@yahoo.com,"OS)sh3,E"
courtneydavis903,courtneydavis903@yahoo.com,!%2B`b:Vym
courtneydavis904,courtneydavis904@yahoo.com,C[~5f8$*G
courtneydavis905,courtneydavis905@yahoo.com,@H_xB1X(Ab]<85e
courtneydavis906,courtneydavis906@yahoo.com,?&BvsvCAo3(BBiDN
courtneydavis907,courtneydavis907@yahoo.com,f{67T.*+s^n
courtneydavis908,courtneydavis908@yahoo.com,$45gXG7b
courtneydavis909,courtneydavis909@yahoo.com,._9SN5v8#]N2G
courtneydavis910,courtneydavis910@yahoo.com,3S0y${;9p8`2
courtneydavis911,courtneydavis911@yahoo.com,aKSYpy739US-sNv
courtneydavis912,courtneydavis912@yahoo.com,c%vJKK2v2onG8
courtneydavis913,courtneydavis913@yahoo.com,ZoX3FNs3267
courtneydavis914,courtneydavis914@yahoo.com,J>/aNmiG5KEh0
courtneydavis915,courtneydavis915@yahoo.com,"xB,?Q{f+3*wF"
courtneydavis916,courtneydavis916@yahoo.com,KEDa[?ZcL[q#Y
courtneydavis917,courtneydavis917@yahoo.com,Q4JrAC4kf7nVk
courtneydavis918,courtneydavis918@yahoo.com,r1zH4~41B/?
courtneydavis919,courtneydavis919@yahoo.com,88CO8Tu~e5%0)b
courtneydavis920,courtneydavis920@yahoo.com,TVmm*Z!1
courtneydavis921,courtneydavis921@yahoo.com,"3{7aYU5[,ir/"
courtneydavis922,courtneydavis922@yahoo.com,A4@b;UAGA-
courtneydavis923,courtneydavis923@yahoo.com,#|ZL25sBN=2Z4g0
courtneydavis924,courtneydavis924@yahoo.com,w!C[5e:7Abd4Y
courtneydavis925,courtneydavis925@yahoo.com,k`@e1CvNU6
courtneydavis926,courtneydavis926@yahoo.com,"t4hSM6kb>2,#QX"
courtneydavis927,courtneydavis927@yahoo.com,yst065A4)
courtneydavis928,courtneydavis928@yahoo.com,5{xk.(.htnYV&
courtneydavis929,courtneydavis929@yahoo.com,smePo39RN
courtneydavis930,courtneydavis930@yahoo.com,4}B-$6VZb?S
courtneydavis931,courtneydavis931@yahoo.com,"M>1e),8SGa#Sw"
courtneydavis932,courtneydavis932@yahoo.com,Y+2O!/&a9(
courtneydavis933,courtneydavis933@yahoo.com,Pn]S{yo(^Qf5
courtneydavis934,courtneydavis934@yahoo.com,kMJ3x74K^g
courtneydavis935,courtneydavis935@yahoo.com,n*7`3n0{h=a*s-
courtneydavis936,courtneydavis936@yahoo.com,<1z>V@rLDM{F?96
courtneydavis937,courtneydavis937@yahoo.com,4eTO3rtcquK)kBc
courtneydavis938,courtneydavis938@yahoo.com,zd-X]Sw5jznN
courtneydavis939,courtneydavis939@yahoo.com,AuL0Jnx34#`X
courtneydavis940,courtneydavis940@yahoo.com,zPZ+_-|u#X[*T
courtneydavis941,courtneydavis941@yahoo.com,DZ2[m^P8>483I
courtneydavis942,courtneydavis942@yahoo.com,CCEKJD0z]C
courtneydavis943,courtneydavis943@yahoo.com,}wZrA3nFB_|
courtneydavis944,courtneydavis944@yahoo.com,"ws5,Y/]S<56"
courtneydavis945,courtneydavis945@yahoo.com,IHD1:7F5B!
courtneydavis946,courtneydavis946@yahoo.com,*5BW+!R*
courtneydavis947,courtneydavis947@yahoo.com,wn8OyVm]Rc
courtneydavis948,courtneydavis948@yahoo.com,+$=;3]5]ha
courtneydavis949,courtneydavis949@yahoo.com,^?}m(4E{2[
courtneydavis950,courtneydavis950@yahoo.com,)40>FicN3$Wj32
courtneydavis951,courtneydavis951@yahoo.com,[.w%A`P+
courtneydavis952,courtneydavis952@yahoo.com,@biu](WY&}7_j3&
courtneydavis953,courtneydavis953@yahoo.com,Y2p_momM
courtneydavis954,courtneydavis954@yahoo.com,`uj#J79*@5
courtneydavis955,courtneydavis955@yahoo.com,"[.m},_D6C^2n"
courtneydavis956,courtneydavis956@yahoo.com,a@6T)N1]`Od}
courtneydavis957,courtneydavis957@yahoo.com,d3t<M639OK>yD=<
courtneydavis958,courtneydavis958@yahoo.com,D;W]0a6Gnz{xwW
courtneydavis959,courtneydavis959@yahoo.com,Jds:6.;i
courtneydavis960,courtneydavis960@yahoo.com,l8GP#+9wIL0%
courtneydavis961,courtneydavis961@yahoo.com,rlM3/v4.3!K4p
courtneydavis962,courtneydavis962@yahoo.com,p~DaXWs*:A8W7g
courtneydavis963,courtneydavis963@yahoo.com,",0)O2+c1rs0l"
courtneydavis964,courtneydavis964@yahoo.com,Xm[JP<cT3.K
courtneydavis965,courtneydavis965@yahoo.com,q5#PQ6L_WzbV[
courtneydavis966,courtneydavis966@yahoo.com,"%g,m_/iv,"
courtneydavis967,courtneydavis967@yahoo.com,3CB)7B0p
courtneydavis968,courtneydavis968@yahoo.com,K:6*?u}9
courtneydavis969,courtneydavis969@yahoo.com,P_*_681E1nI`7by
courtneydavis970,courtneydavis970@yahoo.com,D56lyNAZW_^Z
courtneydavis971,courtneydavis971@yahoo.com,|[tbFJs6m4
courtneydavis972,courtneydavis972@yahoo.com,":K5]uLgx,8R7"
courtneydavis973,courtneydavis973@yahoo.com,o7kw3D4.3gBW
courtneydavis974,courtneydavis974@yahoo.com,m+3^T;m<$M
courtneydavis975,courtneydavis975@yahoo.com,596{EUx.Nb4lg
courtneydavis976,courtneydavis976@yahoo.com,T5i$iLwy2<m0
courtneydavis977,courtneydavis977@yahoo.com,q5EsDD2fvI
courtneydavis978,courtneydavis978@yahoo.com,|rXGqR`GEsogE6mT
courtneydavis979,courtneydavis979@yahoo.com,RQI-2m3E
courtneydavis980,courtneydavis980@yahoo.com,b[6;D$z2cB6w=.6W
courtneydavis981,courtneydavis981@yahoo.com,Tl&DXpf=On
courtneydavis982,courtneydavis982@yahoo.com,:r8pk~%0
courtneydavis983,courtneydavis983@yahoo.com,T`)zJmiJsM
courtneydavis984,courtneydavis984@yahoo.com,6VUf}g.7m~(36i2H
courtneydavis985,courtneydavis985@yahoo.com,75q3DcE7
courtneydavis986,courtneydavis986@yahoo.com,o}!Hx5Yi}jm4AM->
courtneydavis987,courtneydavis987@yahoo.com,OV$7Y^M]85[9Nv0Q
courtneydavis988,courtneydavis988@yahoo.com,Oh]_Hk79c
courtneydavis989,courtneydavis989@yahoo.com,/m@H5[kL9
courtneydavis990,courtneydavis990@yahoo.com,_q(7Cb]3wmN^Y`
courtneydavis991,courtneydavis991@yahoo.com,f%3n#$^6Q
courtneydavis992,courtneydavis992@yahoo.com,+)0[2EqWnqR]gV
courtneydavis993,courtneydavis993@yahoo.com,`]}QoFv19wW
courtneydavis994,courtneydavis994@yahoo.com,^{fP9-Z5:q
courtneydavis995,courtneydavis995@yahoo.com,x]y@Q=eon_?31
courtneydavis996,courtneydavis996@yahoo.com,"x(^,J2,69l6Q"
courtneydavis997,courtneydavis997@yahoo.com,S~EvT10!C
courtneydavis998,courtneydavis998@yahoo.com,JL}Qz=0:T
courtneydavis999,courtneydavis999@yahoo.com,MVV23X/8
